contrast_group,out_label_LR,out_label_Prompt_1,out_label_Prompt_2,out_label_Prompt_3,out_label_Prompt_4,out_label_Prompt_5
contains_however_although_but,0.8288513458895805,0.8728474876965475,0.8728474876965475,0.852119433599204,0.8514658793196657,0.8449334649927117
does_not_contain_however_although_but,0.9126182715247408,0.9188493780902807,0.9240320298621532,0.9094760490680586,0.9004537239831358,0.8971355147825736
